1,Robb,Pietrzyk,rpietrzyk0@cnn.com,Volkswagen,Passat,2003,95
2,Andreas,Tourot,atourot1@ibm.com,BMW,5 Series,2006,56
3,Benji,Boak,bboak2@youtu.be,Mitsubishi,Space,1984,32
4,Gretchen,Lambden,glambden3@i2i.jp,Honda,Civic,2001,8
5,Justina,Walworche,jwalworche4@mozilla.com,Chevrolet,Cobalt,2009,4
6,Erskine,Biner,ebiner5@mit.edu,Mercedes-Benz,R-Class,2008,82
7,Danika,Pulster,dpulster6@mapquest.com,Audi,Allroad,2004,92
8,Wilhelmina,Rampley,wrampley7@gizmodo.com,Kia,Spectra,2001,93
9,Hurley,Jayme,hjayme8@cpanel.net,Toyota,Previa,1993,64
10,Richard,Papps,rpapps9@pagesperso-orange.fr,Acura,TL,2011,96
11,Gabi,Emburey,gembureya@marriott.com,Buick,Park Avenue,1998,66
12,Wanids,Dwelley,wdwelleyb@examiner.com,Isuzu,Rodeo,2004,24
13,Rowland,Bumphrey,rbumphreyc@ovh.net,Lexus,IS F,2009,10
14,Joanie,Beggan,jbeggand@github.io,Aston Martin,V8 Vantage,2009,24
15,Chrissy,Thurske,cthurskee@sfgate.com,BMW,7 Series,2012,19
16,Kip,Beaument,kbeaumentf@imgur.com,Saab,9000,1986,88
17,Maryrose,Geekin,mgeeking@usgs.gov,Honda,Accord,2010,7
18,Ketti,Preist,kpreisth@wsj.com,Ford,F350,1995,30
19,Kermie,Lynam,klynami@yahoo.com,Ford,Probe,1989,50
20,Michelina,Maasze,mmaaszej@printfriendly.com,Mercedes-Benz,SL-Class,1995,49
21,Doreen,Goldsberry,dgoldsberryk@ezinearticles.com,Volvo,V70,1998,67
22,Violet,Gostridge,vgostridgel@google.cn,Toyota,Highlander,2007,36
23,Alphonse,Cloney,acloneym@barnesandnoble.com,Suzuki,Swift,1988,18
24,Clevie,Philpot,cphilpotn@yandex.ru,Audi,5000S,1984,96
25,Jada,Bigglestone,jbigglestoneo@networkadvertising.org,Volvo,S40,2008,19
26,Hans,Mangin,hmanginp@nature.com,Chrysler,Crossfire,2004,99
27,Pippy,Swyer-Sexey,pswyersexeyq@ihg.com,Honda,Accord,1995,85
28,Wallie,Confait,wconfaitr@joomla.org,Toyota,4Runner,1995,57
29,Kati,De Hooch,kdehoochs@ucsd.edu,Ford,Expedition EL,2009,21
30,Vicky,Gebby,vgebbyt@hubpages.com,Audi,A8,2002,76
31,Gilligan,oldey,goldeyu@yahoo.co.jp,Pontiac,Bonneville,1986,74
32,Daron,Barff,dbarffv@deliciousdays.com,Lexus,IS,2011,24
33,Egon,Dunbobin,edunbobinw@1688.com,Chevrolet,Cavalier,2003,72
34,Joann,Djuricic,jdjuricicx@merriam-webster.com,Lexus,IS,2004,1
35,Sarette,Comolli,scomolliy@wunderground.com,GMC,Sierra 2500,2010,33
36,Dinny,Fintoph,dfintophz@opensource.org,Buick,Regal,1996,47
37,Culley,Butner,cbutner10@cmu.edu,Infiniti,G,2007,17
38,Kathy,Pallin,kpallin11@uol.com.br,Chevrolet,Cobalt,2009,44
39,Franklin,Impey,fimpey12@qq.com,Hyundai,Accent,2008,84
40,Jilli,Zuann,jzuann13@columbia.edu,Mercury,Sable,1992,86
41,Clotilda,Romain,cromain14@cnet.com,Toyota,Echo,2002,20
42,Kimberli,Kidd,kkidd15@sun.com,GMC,Savana,2011,69
43,Katleen,Broddle,kbroddle16@unc.edu,Mercury,Grand Marquis,2007,33
44,Patty,Lenglet,plenglet17@npr.org,Audi,5000CS,1987,67
45,Aldus,Gentry,agentry18@yale.edu,Lamborghini,Murciélago,2005,61
46,Terence,Cattonnet,tcattonnet19@cbslocal.com,Volkswagen,Jetta,1998,20
47,Cloris,Bentzen,cbentzen1a@berkeley.edu,Toyota,Camry,2004,54
48,Carney,Warkup,cwarkup1b@epa.gov,Cadillac,SRX,2009,46
49,Margarita,Bartocci,mbartocci1c@umich.edu,Volvo,XC60,2011,18
50,Lina,Ragbourne,lragbourne1d@trellian.com,Ford,Ranger,1987,29
51,Marylynne,Pechacek,mpechacek1e@goo.gl,Nissan,Pathfinder,2001,61
52,Virge,Lumby,vlumby1f@360.cn,Dodge,Dakota,2004,41
53,Mano,Basezzi,mbasezzi1g@yandex.ru,Chrysler,Concorde,1993,18
54,Fabien,Stewartson,fstewartson1h@cmu.edu,Jeep,Compass,2009,82
55,Roxy,Ander,rander1i@oracle.com,Chrysler,PT Cruiser,2002,46
56,Alexei,Ramelet,aramelet1j@issuu.com,GMC,2500,1998,85
57,Kittie,Winsley,kwinsley1k@auda.org.au,Mitsubishi,Tredia,1985,70
58,Hermie,Spadollini,hspadollini1l@noaa.gov,Hyundai,Scoupe,1994,5
59,Kasper,Somerville,ksomerville1m@ezinearticles.com,BMW,3 Series,1994,31
60,Christoforo,Angrick,cangrick1n@irs.gov,Ford,Excursion,2002,7
61,Woodrow,Trueman,wtrueman1o@nationalgeographic.com,Volkswagen,Cabriolet,1987,47
62,Chrisse,Aucourte,caucourte1p@howstuffworks.com,Hyundai,Sonata,2003,33
63,Connie,Dunlap,cdunlap1q@army.mil,Dodge,Ram Van 2500,1995,59
64,Romola,Rendell,rrendell1r@earthlink.net,Kia,Spectra,2007,91
65,Michael,Narbett,mnarbett1s@blogs.com,Dodge,Ram Van 1500,2001,88
66,Angel,Burnie,aburnie1t@mashable.com,Nissan,Pathfinder,2007,9
67,Darlleen,Balsellie,dbalsellie1u@cbc.ca,Ford,Freestar,2003,24
68,Casi,Garrold,cgarrold1v@upenn.edu,Mercury,Grand Marquis,1995,55
69,Ebeneser,Alessandone,ealessandone1w@ebay.co.uk,Ford,Thunderbird,1977,48
70,Normand,Lambricht,nlambricht1x@baidu.com,BMW,Z3,1997,98
71,Deeann,Iannini,diannini1y@vkontakte.ru,Jeep,Cherokee,1992,55
72,Kirstyn,McKiddin,kmckiddin1z@chronoengine.com,Toyota,Land Cruiser,2004,76
73,Sheeree,Antonchik,santonchik20@hostgator.com,Isuzu,Rodeo,2004,75
74,Holt,Fryer,hfryer21@fda.gov,Hyundai,Genesis,2012,74
75,Zebadiah,Bradbeer,zbradbeer22@booking.com,Jeep,Cherokee,1992,84
76,Randee,Orfeur,rorfeur23@imdb.com,Subaru,Forester,2008,30
77,Iggie,Gaskill,igaskill24@webeden.co.uk,Chevrolet,Express 2500,2009,68
78,Jobey,Litherborough,jlitherborough25@epa.gov,Chevrolet,Venture,1998,48
79,Teddie,Landre,tlandre26@shareasale.com,Chrysler,Pacifica,2005,24
80,Elana,Morter,emorter27@ox.ac.uk,Volvo,V70,2000,82
81,Lorant,Maddy,lmaddy28@mapy.cz,Nissan,350Z,2006,66
82,Friederike,Cannan,fcannan29@msu.edu,Chevrolet,Express 1500,2006,62
83,Binny,Randalston,brandalston2a@alexa.com,Dodge,Viper,1994,13
84,Elisha,Wigfall,ewigfall2b@so-net.ne.jp,Volvo,S40,2006,37
85,Clarence,Shelmerdine,cshelmerdine2c@tuttocitta.it,Ford,Thunderbird,1996,88
86,Cindi,Cunrado,ccunrado2d@desdev.cn,Jeep,Grand Cherokee,1996,45
87,Stacia,Furness,sfurness2e@cmu.edu,Chevrolet,Tahoe,1998,30
88,Junina,Rape,jrape2f@rakuten.co.jp,Audi,A8,2002,51
89,Tomkin,Mc Giffin,tmcgiffin2g@shinystat.com,Chevrolet,Corvette,1994,91
90,Stephan,Prosek,sprosek2h@latimes.com,Lexus,LS,2012,11
91,Cinderella,Deluce,cdeluce2i@dot.gov,Hyundai,Sonata,1992,96
92,Ralina,Scoggan,rscoggan2j@spotify.com,Dodge,Durango,1999,59
93,Kimball,Pettingill,kpettingill2k@ow.ly,Pontiac,Grand Am,1996,66
94,Pat,Bratty,pbratty2l@abc.net.au,Pontiac,Grand Prix,1985,7
95,Coralyn,Riden,criden2m@yellowpages.com,Suzuki,Daewoo Lacetti,2006,9
96,Joellen,Borel,jborel2n@ifeng.com,Dodge,Caravan,2009,29
97,Revkah,Calleja,rcalleja2o@chron.com,Mitsubishi,Lancer,2009,37
98,Larina,Smithers,lsmithers2p@ebay.com,Mercedes-Benz,400SE,1992,72
99,Willamina,Braithwaite,wbraithwaite2q@techcrunch.com,Mitsubishi,Galant,2002,83
100,Otto,Faulkener,ofaulkener2r@sogou.com,Lincoln,MKT,2013,44
101,Xavier,Pietrowicz,xpietrowicz2s@mlb.com,Dodge,D150 Club,1992,92
102,Phil,Connerry,pconnerry2t@studiopress.com,Isuzu,VehiCROSS,1999,73
103,Cchaddie,Hancell,chancell2u@omniture.com,GMC,Jimmy,2001,4
104,Gipsy,Sweedy,gsweedy2v@cnbc.com,Chevrolet,Camaro,1997,96
105,Darill,Tayler,dtayler2w@chron.com,Lincoln,Aviator,2005,97
106,Delora,Gregorio,dgregorio2x@auda.org.au,Jeep,Cherokee,1994,29
107,Robbi,Dimmer,rdimmer2y@purevolume.com,GMC,Yukon XL 1500,2008,9
108,Elwood,Nursey,enursey2z@blogspot.com,Chrysler,PT Cruiser,2006,67
109,Heddie,Lyman,hlyman30@abc.net.au,Audi,90,1991,85
110,Sayre,Gofford,sgofford31@wikimedia.org,Suzuki,Grand Vitara,2012,97
111,Ruthanne,Crady,rcrady32@csmonitor.com,Toyota,Camry,2000,52
112,Simeon,Heppenspall,sheppenspall33@hud.gov,Saturn,L-Series,2002,59
113,Godiva,Wimbury,gwimbury34@eventbrite.com,Suzuki,XL-7,2008,99
114,Demetris,Erangey,derangey35@sbwire.com,Acura,MDX,2005,11
115,Sena,Tschersich,stschersich36@kickstarter.com,Lincoln,MKZ,2012,87
116,Quintus,Ezele,qezele37@mlb.com,Mercury,Villager,1996,21
117,Paula,Webben,pwebben38@hud.gov,Audi,Q7,2011,16
118,Trista,Gallardo,tgallardo39@bing.com,Volkswagen,Type 2,1989,80
119,Bennie,Clatworthy,bclatworthy3a@vimeo.com,Rolls-Royce,Ghost,2012,99
120,Kelly,Portress,kportress3b@dagondesign.com,Mercury,Marquis,1984,37
121,Granger,Cawsy,gcawsy3c@springer.com,Maserati,GranTurismo,2011,39
122,Lizzie,Attenburrow,lattenburrow3d@pbs.org,Lincoln,MKZ,2007,53
123,Aggie,Oherlihy,aoherlihy3e@sohu.com,Buick,Lucerne,2007,80
124,Tiphanie,Allain,tallain3f@vkontakte.ru,Mercedes-Benz,M-Class,2009,76
125,Persis,O'Concannon,poconcannon3g@columbia.edu,Ford,Focus,2005,45
126,Bibi,Cambden,bcambden3h@wikispaces.com,Toyota,Xtra,1995,64
127,Quinlan,Antonsson,qantonsson3i@businessweek.com,BMW,X6 M,2011,37
128,Nickie,Sparry,nsparry3j@domainmarket.com,GMC,2500,1995,85
129,Josephina,Dunk,jdunk3k@skyrock.com,Volkswagen,Passat,1997,2
130,Klaus,Blakeman,kblakeman3l@studiopress.com,Mercury,Grand Marquis,1988,76
131,Bard,Lodeke,blodeke3m@state.tx.us,Chevrolet,Silverado 1500,2011,60
132,Ekaterina,Francomb,efrancomb3n@examiner.com,Acura,NSX,1992,14
133,Jarid,Tersay,jtersay3o@diigo.com,Rolls-Royce,Phantom,2012,43
134,Adolphus,Moody,amoody3p@cisco.com,Lotus,Esprit,1990,9
135,Skip,Duffin,sduffin3q@kickstarter.com,Mazda,Mazda5,2010,42
136,Ethelind,Sheasby,esheasby3r@blogtalkradio.com,Mitsubishi,Precis,1986,56
137,Karim,Haselden,khaselden3s@admin.ch,Dodge,Dakota,2002,18
138,Nicki,Carlozzi,ncarlozzi3t@lycos.com,Ford,F-Series,2002,50
139,Rosabelle,Ould,rould3u@weather.com,Subaru,Baja,2005,36
140,Fitzgerald,Zeale,fzeale3v@answers.com,Oldsmobile,Custom Cruiser,1992,81
141,Arabele,Tribble,atribble3w@bizjournals.com,Aston Martin,DB9 Volante,2006,37
142,Natale,Ivanishchev,nivanishchev3x@live.com,Mazda,MX-5,1993,77
143,Bernardine,Howard,bhoward3y@csmonitor.com,GMC,Suburban 2500,1995,51
144,Cherida,Amberson,camberson3z@shareasale.com,Subaru,XT,1985,4
145,Katey,Tadgell,ktadgell40@cnn.com,Pontiac,GTO,1969,45
146,Sander,Henkens,shenkens41@tinypic.com,Ford,Probe,1990,52
147,Lawrence,Schowenburg,lschowenburg42@altervista.org,Ferrari,612 Scaglietti,2009,1
148,Aubree,Ruston,aruston43@mediafire.com,Acura,Legend,1995,95
149,Nicolea,Conen,nconen44@fotki.com,Toyota,Camry,1994,33
150,Sheila-kathryn,Grigson,sgrigson45@newsvine.com,Toyota,Tacoma,1998,12
151,Carissa,Barkes,cbarkes46@google.cn,Toyota,Tercel,1996,16
152,Currie,Cowland,ccowland47@webmd.com,Suzuki,Aerio,2002,16
153,Antin,Lillywhite,alillywhite48@freewebs.com,Land Rover,Range Rover,1992,97
154,Bobbe,Ingliss,bingliss49@topsy.com,Ford,F150,2012,81
155,Babbette,Domenichini,bdomenichini4a@yahoo.com,Mitsubishi,Truck,1994,80
156,Cristal,Quinnette,cquinnette4b@163.com,Lotus,Elan,1994,21
157,Samuel,Dodgshon,sdodgshon4c@quantcast.com,BMW,330,2006,93
158,Xavier,Pyke,xpyke4d@arstechnica.com,Mercedes-Benz,300SE,1992,67
159,Durante,Eicke,deicke4e@dedecms.com,Lexus,GS,2004,92
160,Maureene,Arnaudin,marnaudin4f@friendfeed.com,BMW,545,2005,45
161,Leonie,Cherrett,lcherrett4g@huffingtonpost.com,Ford,Thunderbird,1993,26
162,Dreddy,Redington,dredington4h@china.com.cn,BMW,3 Series,2005,94
163,Franz,Luciani,fluciani4i@yelp.com,Ford,Contour,1997,35
164,Roxane,Rigby,rrigby4j@dell.com,BMW,530,2007,13
165,Fulvia,Stevani,fstevani4k@printfriendly.com,Mercury,Mountaineer,2004,12
166,Carole,Ambrosetti,cambrosetti4l@bloomberg.com,Ford,Probe,1989,1
167,Ricki,Scrimshaw,rscrimshaw4m@liveinternet.ru,BMW,M3,2012,32
168,Andreana,Skaife d'Ingerthorpe,askaifedingerthorpe4n@instagram.com,Dodge,Caravan,1994,40
169,Lena,Hanniger,lhanniger4o@freewebs.com,Cadillac,CTS,2004,26
170,Eddy,Allawy,eallawy4p@constantcontact.com,Suzuki,SJ,1991,68
171,Vitia,Boaler,vboaler4q@constantcontact.com,Cadillac,Fleetwood,1995,99
172,Katha,Bolderson,kbolderson4r@pcworld.com,Citroën,CX,1974,61
173,Patrica,Thresher,pthresher4s@reddit.com,Nissan,GT-R,2012,5
174,Georgie,Heald,gheald4t@marketwatch.com,Chevrolet,1500,1998,75
175,Starlene,Sammonds,ssammonds4u@engadget.com,Ford,Freestar,2006,9
176,Aeriela,Kehri,akehri4v@themeforest.net,Mercedes-Benz,400SEL,1993,26
177,Emory,Yeudall,eyeudall4w@wired.com,MINI,Clubman,2011,36
178,Franklyn,de Clerc,fdeclerc4x@hao123.com,Toyota,Avalon,2003,99
179,Perla,Revie,previe4y@opera.com,Saturn,S-Series,1994,39
180,Clarke,Kelledy,ckelledy4z@earthlink.net,Dodge,Caravan,2006,60
181,Natal,LaBastida,nlabastida50@fda.gov,Nissan,Sentra,2008,80
182,Padriac,Hayes,phayes51@nps.gov,Toyota,Matrix,2006,5
183,Christiane,Sissot,csissot52@wsj.com,Audi,Q7,2011,34
184,Scarlet,Ditter,sditter53@wikia.com,Mazda,626,2000,21
185,Chic,Dawidman,cdawidman54@wp.com,Jaguar,XK,2007,26
186,Ella,Pesterfield,epesterfield55@scribd.com,Lincoln,Continental,1998,13
187,Linc,Callear,lcallear56@gov.uk,Mazda,Tribute,2001,45
188,Marietta,Sturgis,msturgis57@nature.com,Mercedes-Benz,SLS-Class,2012,27
189,Koren,Absolem,kabsolem58@aboutads.info,Ford,E-Series,2002,10
190,Adelaide,Sines,asines59@facebook.com,Lexus,ES,2007,16
191,Allina,Whatham,awhatham5a@va.gov,Toyota,Prius,2004,69
192,Iormina,Baldwin,ibaldwin5b@reuters.com,Nissan,Versa,2011,43
193,Golda,Livard,glivard5c@stanford.edu,Ford,LTD Crown Victoria,1985,44
194,Tobit,Di Francecshi,tdifrancecshi5d@alibaba.com,Chevrolet,K5 Blazer,1995,66
195,Antonie,Adlington,aadlington5e@techcrunch.com,Volvo,S40,2003,50
196,Kattie,Quenby,kquenby5f@reverbnation.com,Dodge,Ram,2003,11
197,Jenilee,Hamelyn,jhamelyn5g@naver.com,Mazda,Miata MX-5,1997,79
198,Raine,Glastonbury,rglastonbury5h@stanford.edu,Toyota,4Runner,1995,97
199,Sissy,Redmell,sredmell5i@gizmodo.com,Toyota,Matrix,2006,10
200,Paige,Mellody,pmellody5j@thetimes.co.uk,Mitsubishi,Mighty Max,1993,62
201,Holly,Masson,hmasson5k@ehow.com,Oldsmobile,Aurora,1997,73
202,Darryl,Bramsom,dbramsom5l@simplemachines.org,Plymouth,Acclaim,1995,89
203,Lucienne,Ahrenius,lahrenius5m@seattletimes.com,Chevrolet,Astro,1992,51
204,Jdavie,Gosz,jgosz5n@blinklist.com,Hummer,H2,2009,91
205,Englebert,Windybank,ewindybank5o@exblog.jp,Nissan,Leaf,2011,43
206,Willa,Kretschmer,wkretschmer5p@sogou.com,Chevrolet,Suburban 1500,2010,58
207,Keri,Lovelock,klovelock5q@meetup.com,Chevrolet,Corvair,1960,14
208,Jaye,Birwhistle,jbirwhistle5r@scientificamerican.com,Ford,Explorer,1999,86
209,Halsy,Howley,hhowley5s@163.com,Chevrolet,Express 2500,2006,95
210,Cesaro,Solly,csolly5t@rediff.com,Lamborghini,Countach,1987,98
211,Vikki,Slafford,vslafford5u@microsoft.com,Buick,Century,1999,85
212,Druci,Coling,dcoling5v@blogtalkradio.com,Lexus,LX,1997,45
213,Dre,Duffyn,dduffyn5w@pagesperso-orange.fr,BMW,M3,2011,45
214,Matias,Dominico,mdominico5x@pinterest.com,GMC,Yukon XL 2500,2003,58
215,Vanny,Charlo,vcharlo5y@free.fr,GMC,Sonoma,1998,51
216,Donielle,Hayesman,dhayesman5z@auda.org.au,GMC,Safari,1999,88
217,Lorrin,McGoldrick,lmcgoldrick60@goodreads.com,Subaru,Impreza,1994,80
218,Ivan,Ingleston,iingleston61@cam.ac.uk,Lexus,RX,2005,14
219,Marylin,Kersaw,mkersaw62@china.com.cn,GMC,Safari,2002,84
220,Ransell,Havock,rhavock63@surveymonkey.com,Dodge,Charger,2011,95
221,Fredra,Boldock,fboldock64@ow.ly,Honda,Odyssey,1997,49
222,Nat,Deddum,ndeddum65@ox.ac.uk,Mazda,B2000,1985,37
223,Ogdon,Simonetto,osimonetto66@who.int,Ferrari,612 Scaglietti,2009,13
224,Cletis,Bennedick,cbennedick67@nsw.gov.au,Honda,Pilot,2011,78
225,Natividad,Rugieri,nrugieri68@booking.com,Chrysler,New Yorker,1996,18
226,Arlee,Feare,afeare69@bizjournals.com,Lincoln,Town Car,1996,98
227,Delphine,McConigal,dmcconigal6a@squidoo.com,Kia,Optima,2011,29
228,Cyrillus,Bowery,cbowery6b@smugmug.com,Land Rover,Discovery,1999,98
229,Hugh,Hampshire,hhampshire6c@independent.co.uk,Buick,Riviera,1992,3
230,Lise,Wincer,lwincer6d@google.co.jp,Chevrolet,Express 1500,1998,8
231,Mitchael,Urey,murey6e@networkadvertising.org,Dodge,Ram 1500,1997,35
232,Margaretta,Markushkin,mmarkushkin6f@ebay.co.uk,Chevrolet,Suburban 1500,2011,34
233,Shandra,Kyncl,skyncl6g@irs.gov,Saturn,S-Series,2000,33
234,Kayley,Newburn,knewburn6h@google.nl,Saturn,Astra,2008,9
235,Stormy,Woodland,swoodland6i@list-manage.com,Audi,S8,2001,40
236,Dawna,Timblett,dtimblett6j@tuttocitta.it,Hyundai,Elantra,2009,51
237,Drusi,Kovnot,dkovnot6k@huffingtonpost.com,Saturn,VUE,2009,77
238,Marji,Buckley,mbuckley6l@eventbrite.com,Kia,Spectra,2005,51
239,Maura,Shama,mshama6m@wiley.com,Mercedes-Benz,SL-Class,1986,98
240,Beatrix,Firle,bfirle6n@chicagotribune.com,Buick,Lucerne,2010,51
241,Bel,Palumbo,bpalumbo6o@about.me,Toyota,Celica,1994,74
242,Ram,Callery,rcallery6p@imgur.com,Ford,Mustang,2002,35
243,Andris,Keward,akeward6q@google.co.jp,Kia,Sportage,2006,50
244,Lanna,Iley,liley6r@jiathis.com,Toyota,Supra,1995,40
245,Hillel,O'Fairy,hofairy6s@shareasale.com,Ford,E-Series,1995,71
246,Gregoor,Yanshinov,gyanshinov6t@infoseek.co.jp,Audi,S4,2010,47
247,Bertrand,Schiementz,bschiementz6u@artisteer.com,Chevrolet,Corvette,1953,71
248,Shurlocke,Mackley,smackley6v@patch.com,Subaru,Tribeca,2006,61
249,Pattie,Erangy,perangy6w@narod.ru,Ford,Escort,1993,74
250,Lory,Meeke,lmeeke6x@disqus.com,Suzuki,XL7,2006,6
251,Jayson,Tamsett,jtamsett6y@stumbleupon.com,Suzuki,Reno,2008,53
252,Benedetto,Arnaldi,barnaldi6z@howstuffworks.com,Hyundai,Sonata,2008,92
253,Maurise,Alliston,malliston70@sbwire.com,Volkswagen,Golf,2000,38
254,Blythe,Edy,bedy71@tripod.com,Toyota,RAV4,2007,42
255,Jo,Bargh,jbargh72@friendfeed.com,Honda,Accord Crosstour,2010,6
256,Gaby,Rydeard,grydeard73@seesaa.net,Mazda,626,1996,86
257,Adelina,Shewring,ashewring74@springer.com,Toyota,Tundra,2008,80
258,Dolley,Kirley,dkirley75@soup.io,Mitsubishi,Galant,1994,65
259,Sunshine,McKelvie,smckelvie76@weibo.com,Pontiac,Grand Prix,2001,78
260,Devonne,Canacott,dcanacott77@ucla.edu,GMC,Yukon Denali,2000,74
261,Elberta,Heifer,eheifer78@aboutads.info,Lexus,LS Hybrid,2011,96
262,Tiphanie,Bauer,tbauer79@aol.com,Ford,E-Series,1987,82
263,Juliet,Snap,jsnap7a@ftc.gov,Chevrolet,Beretta,1993,81
264,Elna,Yglesia,eyglesia7b@home.pl,BMW,5 Series,1993,45
265,Uri,Kerwen,ukerwen7c@senate.gov,Toyota,Celica,1993,68
266,Susette,Steanyng,ssteanyng7d@disqus.com,Land Rover,Freelander,2001,10
267,Gris,Simkins,gsimkins7e@twitpic.com,Hummer,H2 SUT,2006,85
268,Isabeau,Enrigo,ienrigo7f@ucoz.ru,Chrysler,Town & Country,2004,25
269,Karmen,Sproson,ksproson7g@blog.com,Ford,Escort,2004,40
270,Tamra,Pinnion,tpinnion7h@apache.org,Honda,Civic,1985,40
271,Roze,Readwin,rreadwin7i@state.tx.us,Chevrolet,Suburban 1500,2005,52
272,Merrie,Tregidgo,mtregidgo7j@shinystat.com,Hyundai,Veloster,2013,2
273,Sibylla,Brokenbrow,sbrokenbrow7k@naver.com,Buick,Regal,1989,27
274,Dre,Suggate,dsuggate7l@xing.com,Chevrolet,Express 1500,2010,52
275,Ermina,Welch,ewelch7m@answers.com,Mercedes-Benz,CLS-Class,2010,38
276,Efren,Simmon,esimmon7n@blogger.com,Infiniti,M,2007,93
277,Ellerey,Emtage,eemtage7o@hud.gov,Chevrolet,Silverado 3500,2011,65
278,Tiffany,Hawksworth,thawksworth7p@ehow.com,Land Rover,Range Rover,1996,29
279,Shaylyn,Jandl,sjandl7q@latimes.com,GMC,Suburban 2500,1995,83
280,Chevy,Golton,cgolton7r@prweb.com,GMC,1500,1997,60
281,Conrade,Rebbeck,crebbeck7s@deliciousdays.com,Volvo,S60,2013,82
282,Seward,Hayley,shayley7t@mysql.com,Jaguar,XF,2012,42
283,Alidia,Willcock,awillcock7u@hubpages.com,Infiniti,IPL G,2012,31
284,Halli,Flarity,hflarity7v@earthlink.net,BMW,Z3,2000,92
285,Lolita,Huncote,lhuncote7w@newsvine.com,Lincoln,Continental,1987,40
286,Chev,Anfossi,canfossi7x@salon.com,GMC,3500 Club Coupe,1997,71
287,Malissa,Godlonton,mgodlonton7y@booking.com,Jeep,Grand Cherokee,2011,29
288,Goldie,Kornel,gkornel7z@posterous.com,Isuzu,Trooper,1999,3
289,Shay,Quantrill,squantrill80@furl.net,Lincoln,MKX,2007,35
290,Milo,Spencer,mspencer81@indiatimes.com,Infiniti,QX,2000,25
291,Faber,Merrien,fmerrien82@youtu.be,Volkswagen,Passat,1988,14
292,Lexie,Embury,lembury83@amazon.co.jp,Lexus,SC,1992,81
293,Garland,Spyby,gspyby84@ucoz.ru,Chevrolet,Corvette,1955,22
294,Karel,Howson,khowson85@apache.org,Lexus,IS-F,2008,96
295,Gearalt,Mackieson,gmackieson86@comsenz.com,BMW,645,2005,27
296,Letti,McDonogh,lmcdonogh87@themeforest.net,Morgan,Aero 8,2009,25
297,Christoforo,Drohun,cdrohun88@i2i.jp,Plymouth,Grand Voyager,1994,16
298,Andres,Bolley,abolley89@issuu.com,Honda,Element,2008,75
299,Nikolai,Gumb,ngumb8a@techcrunch.com,Chevrolet,Malibu,2006,12
300,Kerri,Stockwell,kstockwell8b@bloglovin.com,Chevrolet,Express 2500,2001,56
301,Janaya,Stiffkins,jstiffkins8c@opera.com,Lexus,RX Hybrid,2007,1
302,Elfrieda,Gaish,egaish8d@dedecms.com,Acura,RL,1998,25
303,Tobias,Fazakerley,tfazakerley8e@merriam-webster.com,Mitsubishi,Galant,1996,26
304,Brendan,Charlot,bcharlot8f@goo.ne.jp,Mazda,MX-3,1996,55
305,Kathleen,Berzons,kberzons8g@slideshare.net,Pontiac,Safari,1988,25
306,Cornelia,Hacker,chacker8h@cyberchimps.com,Ford,F150,2010,23
307,Alyce,Dreus,adreus8i@yahoo.co.jp,Chevrolet,Suburban 1500,1993,40
308,Adda,Beevor,abeevor8j@storify.com,Nissan,Quest,1993,86
309,Sylas,Schimke,sschimke8k@devhub.com,GMC,2500 Club Coupe,1994,54
310,Clemmy,Roller,croller8l@mit.edu,Mercedes-Benz,400SE,1992,95
311,Vinson,Kensley,vkensley8m@apache.org,Audi,100,1990,63
312,Clementia,Ebben,cebben8n@vimeo.com,Subaru,Legacy,2000,86
313,Tonnie,Izzat,tizzat8o@shutterfly.com,Mitsubishi,Lancer Evolution,2003,34
314,Loella,McNysche,lmcnysche8p@admin.ch,Saturn,S-Series,1997,63
315,Coriss,Hilland,chilland8q@imdb.com,Buick,Riviera,1992,5
316,Ansley,Stolli,astolli8r@google.it,Dodge,Charger,1969,82
317,Ollie,Chinnick,ochinnick8s@slate.com,Mercury,Cougar,1988,93
318,Tommie,Money,tmoney8t@arstechnica.com,Toyota,Sienna,2006,25
319,Frederica,Wakeley,fwakeley8u@hc360.com,Chevrolet,Camaro,1968,33
320,Aprilette,Girardini,agirardini8v@cnn.com,Chevrolet,Camaro,1981,48
321,Alidia,Sisley,asisley8w@sfgate.com,GMC,Sierra 2500,2007,14
322,Marve,Kynder,mkynder8x@rambler.ru,Bentley,Continental GT,2012,34
323,Derry,Bairstow,dbairstow8y@epa.gov,Toyota,Sienna,2008,89
324,Randee,Dounbare,rdounbare8z@nature.com,Suzuki,Samurai,1995,80
325,Layne,Stone,lstone90@trellian.com,Buick,Regal,1985,13
326,Sibeal,Walthew,swalthew91@adobe.com,Dodge,Ram Van 1500,2003,72
327,Sonny,Pawson,spawson92@cnbc.com,Mercury,Cougar,1985,68
328,Joyann,Fost,jfost93@cisco.com,Buick,Skyhawk,1987,68
329,Claudell,Ravenhill,cravenhill94@senate.gov,Mazda,Miata MX-5,2001,44
330,Halley,Giddons,hgiddons95@shop-pro.jp,Dodge,Challenger,2010,13
331,Ali,Falck,afalck96@cloudflare.com,Dodge,Ram Van 3500,2003,23
332,Sutherlan,Codi,scodi97@t.co,Acura,RL,2000,7
333,Kathlin,Gajewski,kgajewski98@bluehost.com,Chrysler,300,2008,98
334,Teddie,Bullingham,tbullingham99@cdbaby.com,Chevrolet,TrailBlazer,2003,35
335,Hewe,Stallworthy,hstallworthy9a@jugem.jp,Volvo,C70,2012,87
336,Roxy,Wedge,rwedge9b@shinystat.com,Morgan,Aero 8,2006,68
337,Ram,While,rwhile9c@hexun.com,Ford,Focus,2002,72
338,Anne,Gianettini,agianettini9d@icq.com,Mercedes-Benz,300CE,1992,54
339,Ki,Weight,kweight9e@senate.gov,Nissan,Maxima,2009,99
340,Sigmund,Tooth,stooth9f@youtu.be,Chevrolet,Venture,2003,19
341,Dido,Biagioni,dbiagioni9g@time.com,Oldsmobile,Achieva,1993,94
342,Shermie,Tattersfield,stattersfield9h@multiply.com,Mercedes-Benz,CL-Class,2011,33
343,Debor,Cromack,dcromack9i@nih.gov,Ford,Expedition,1998,36
344,Diarmid,Hopkyns,dhopkyns9j@cyberchimps.com,Maserati,Quattroporte,2006,73
345,Juditha,Pointin,jpointin9k@yolasite.com,Aston Martin,DB9,2012,19
346,Amity,Stelle,astelle9l@histats.com,Suzuki,Sidekick,1991,59
347,Agustin,Parrett,aparrett9m@cocolog-nifty.com,Mercedes-Benz,300TE,1993,79
348,Biddy,Pashbee,bpashbee9n@smh.com.au,MINI,Countryman,2012,67
349,Carolina,Felce,cfelce9o@gov.uk,Infiniti,I,2001,57
350,Donnie,Jerratsch,djerratsch9p@zdnet.com,Honda,Accord,1985,31
351,Lissa,Brayne,lbrayne9q@i2i.jp,Land Rover,Freelander,2002,39
352,Ernestus,de Vaen,edevaen9r@kickstarter.com,Mitsubishi,L300,1987,9
353,Angelo,Kesterton,akesterton9s@indiegogo.com,Nissan,Pathfinder,2006,56
354,Debor,Huegett,dhuegett9t@goo.gl,Ford,Taurus,2010,8
355,Kristina,Linstead,klinstead9u@taobao.com,Ford,Freestar,2006,83
356,Gabby,Landal,glandal9v@clickbank.net,Ford,Mustang,2006,26
357,Sibeal,Phizaclea,sphizaclea9w@blog.com,Toyota,Previa,1993,73
358,Agustin,McGivena,amcgivena9x@indiatimes.com,Hyundai,Sonata,2004,43
359,Aldric,Anniwell,aanniwell9y@abc.net.au,Cadillac,Escalade,2004,56
360,Wilton,Ashton,washton9z@whitehouse.gov,Honda,Civic,2012,64
361,Shalom,Raith,sraitha0@cocolog-nifty.com,Ford,Mustang,1991,46
362,Jere,Purdey,jpurdeya1@google.de,BMW,Z8,2000,82
363,Marianne,Gorst,mgorsta2@ucoz.ru,Chevrolet,Express 1500,2005,45
364,Diarmid,Icom,dicoma3@reuters.com,Chevrolet,S10,1993,2
365,Darrin,Tolussi,dtolussia4@miitbeian.gov.cn,Mercedes-Benz,R-Class,2009,85
366,Annetta,Clapton,aclaptona5@tripod.com,Plymouth,Grand Voyager,1996,81
367,Drake,Jurn,djurna6@reddit.com,Mitsubishi,Truck,1995,35
368,Edgard,Masse,emassea7@vimeo.com,Pontiac,Grand Am,2004,33
369,Dorian,De Cristofalo,ddecristofaloa8@psu.edu,Cadillac,DeVille,2004,66
370,Jdavie,Keirle,jkeirlea9@state.tx.us,GMC,Savana 2500,2008,51
371,Minerva,Brugemann,mbrugemannaa@pcworld.com,Hyundai,Sonata,1996,10
372,Danette,Scrogges,dscroggesab@disqus.com,Cadillac,Seville,2003,51
373,Aeriel,Venneur,avenneurac@nature.com,Fairthorpe,Rockette,1960,7
374,Ondrea,Battey,obatteyad@bravesites.com,Volvo,S40,2001,19
375,Shayne,Marien,smarienae@wp.com,Buick,Century,2002,46
376,Robinette,Penniall,rpenniallaf@yolasite.com,Ford,Windstar,1996,31
377,Kennett,Clackson,kclacksonag@google.pl,Saab,9-3,1999,62
378,Colver,Albion,calbionah@un.org,Chevrolet,Camaro,1999,28
379,Olympia,Woodhall,owoodhallai@abc.net.au,GMC,Sierra 1500,2002,63
380,Ardyth,Studdert,astuddertaj@1688.com,Saab,9000,1986,27
381,Marysa,Balsillie,mbalsillieak@arstechnica.com,Chevrolet,Blazer,1993,27
382,Fanchette,Collcott,fcollcottal@phpbb.com,GMC,Safari,2003,17
383,Tonie,Stable,tstableam@baidu.com,Acura,Integra,1992,75
384,Ursala,Dolley,udolleyan@craigslist.org,Ford,ZX2,2002,72
385,Rana,Epine,repineao@fastcompany.com,Chevrolet,Tahoe,2002,79
386,Mellie,Wheldon,mwheldonap@whitehouse.gov,Ford,Focus,2007,36
387,Ferdie,Van Der Hoog,fvanderhoogaq@uiuc.edu,Dodge,Ram 2500,2003,60
388,Jodi,Elliff,jelliffar@noaa.gov,Mercury,Tracer,1997,91
389,Ange,Siaskowski,asiaskowskias@ning.com,Subaru,Legacy,1999,52
390,Tiffy,Pauel,tpauelat@oaic.gov.au,Aston Martin,DB9,2005,20
391,Blondelle,Baddoe,bbaddoeau@oakley.com,Chevrolet,Tracker,2003,85
392,Hank,Ambrozik,hambrozikav@patch.com,Suzuki,SJ,1990,28
393,Melinda,Olenin,moleninaw@constantcontact.com,Mitsubishi,Endeavor,2008,37
394,Maegan,Plan,mplanax@rakuten.co.jp,Hyundai,Tucson,2010,11
395,Erny,Gunda,egundaay@irs.gov,Volvo,V50,2008,10
396,Rock,Bettaney,rbettaneyaz@cyberchimps.com,Volkswagen,Eos,2011,81
397,Benni,Moffet,bmoffetb0@eepurl.com,Toyota,FJ Cruiser,2010,64
398,Monte,Heaford,mheafordb1@gravatar.com,Cadillac,Escalade EXT,2012,90
399,Coop,Eldredge,celdredgeb2@noaa.gov,Mercedes-Benz,SLS AMG,2012,57
400,Esdras,Percy,epercyb3@usda.gov,Jeep,Wrangler,1998,72
401,Pebrook,Hullin,phullinb4@pen.io,Ford,F150,1998,71
402,Dorthy,Twitchett,dtwitchettb5@webs.com,GMC,Yukon,2000,43
403,Thomasin,Noice,tnoiceb6@amazon.com,Toyota,Corolla,2001,2
404,Clim,Caney,ccaneyb7@reuters.com,Daewoo,Nubira,2002,53
405,Valeda,Primett,vprimettb8@hud.gov,Cadillac,Escalade EXT,2010,77
406,Aubrie,Ommanney,aommanneyb9@shutterfly.com,Ford,Thunderbird,1997,38
407,Lalo,Bestman,lbestmanba@fda.gov,Jaguar,S-Type,2003,55
408,Boigie,Meakes,bmeakesbb@comsenz.com,Acura,RSX,2005,33
409,Domenico,Cerman,dcermanbc@examiner.com,Pontiac,Bonneville,1994,68
410,Standford,Millimoe,smillimoebd@dion.ne.jp,Buick,Regal,1998,37
411,Corri,de Courcy,cdecourcybe@is.gd,Kia,Rondo,2010,11
412,Hamish,Sincock,hsincockbf@mozilla.org,Pontiac,Grand Prix,1969,18
413,Daloris,Gierck,dgierckbg@blinklist.com,Ford,F150,2009,19
414,Tome,Willeson,twillesonbh@theatlantic.com,Subaru,XT,1991,13
415,Jerrie,Wayland,jwaylandbi@wikimedia.org,Volkswagen,GTI,1991,52
416,Merla,Dykes,mdykesbj@biblegateway.com,Chevrolet,Blazer,1994,66
417,Clarence,Nattrass,cnattrassbk@thetimes.co.uk,Lexus,LX,2000,36
418,Rip,Blakesley,rblakesleybl@cbslocal.com,Hyundai,Genesis,2009,88
419,Correy,Cheng,cchengbm@sphinn.com,Ford,Windstar,1999,28
420,Silvester,Levensky,slevenskybn@g.co,Chevrolet,Tahoe,2011,48
421,Elga,Vayro,evayrobo@bloglines.com,BMW,M3,2006,85
422,Hasheem,Theodoris,htheodorisbp@over-blog.com,Acura,RL,2007,21
423,Erie,Iacobo,eiacobobq@prnewswire.com,Acura,MDX,2003,27
424,Alvinia,Froschauer,afroschauerbr@webeden.co.uk,Dodge,Ram 2500 Club,1995,74
425,Gavan,Nipper,gnipperbs@ow.ly,Plymouth,Acclaim,1994,97
426,Billie,Hellikes,bhellikesbt@live.com,Dodge,Ram 3500,2002,52
427,Thane,Stagge,tstaggebu@hugedomains.com,Chevrolet,Express,2012,5
428,Georgine,Morsley,gmorsleybv@ucoz.com,Nissan,Sentra,2002,20
429,Melanie,Raphael,mraphaelbw@amazon.co.uk,Toyota,Land Cruiser,2009,48
430,Ardeen,Aykroyd,aaykroydbx@shop-pro.jp,Pontiac,Torrent,2007,69
431,Fred,Millhouse,fmillhouseby@123-reg.co.uk,Ford,Bronco II,1986,28
432,Else,Florez,eflorezbz@cbsnews.com,Chevrolet,Silverado 1500,2007,7
433,Regan,Froggatt,rfroggattc0@friendfeed.com,Honda,Odyssey,2000,71
434,Marci,Gimblett,mgimblettc1@hao123.com,Nissan,Sentra,2011,80
435,Joane,Sturley,jsturleyc2@wisc.edu,GMC,Savana Cargo Van,2006,69
436,Costanza,McGill,cmcgillc3@furl.net,Chrysler,Crossfire,2004,23
437,Roxane,Schwand,rschwandc4@meetup.com,Scion,xD,2011,15
438,Andriana,Fairbrass,afairbrassc5@amazon.co.jp,Saab,9-5,2003,59
439,Terencio,Dutnall,tdutnallc6@blog.com,Isuzu,Hombre Space,1998,59
440,Charline,Charleston,ccharlestonc7@home.pl,Lincoln,MKS,2013,67
441,Julieta,Vinson,jvinsonc8@imageshack.us,Acura,TSX,2011,66
442,Dani,Outlaw,doutlawc9@oakley.com,GMC,Suburban 2500,1996,98
443,Saxe,Gamet,sgametca@ebay.com,Hummer,H1,2006,11
444,Mable,Coger,mcogercb@wordpress.org,Pontiac,Grand Prix,1989,74
445,Amberly,Zoephel,azoephelcc@huffingtonpost.com,Audi,80/90,1988,13
446,Julianna,Brandino,jbrandinocd@bloomberg.com,Dodge,Grand Caravan,1997,58
447,Reba,Lumpkin,rlumpkince@phpbb.com,Acura,Integra,1997,78
448,Goober,Males,gmalescf@washingtonpost.com,Chevrolet,Impala,2005,66
449,Rowen,Oneal,ronealcg@reference.com,Mazda,Mazda3,2005,55
450,Ofilia,Rider,oriderch@ebay.com,Acura,TL,1997,34
451,Shaine,Bartolomieu,sbartolomieuci@hugedomains.com,Ford,E-Series,2010,76
452,Everard,Bidewell,ebidewellcj@imageshack.us,Volvo,XC90,2007,66
453,Carma,Lies,cliesck@netlog.com,Ford,Focus,2012,93
454,Aurthur,Bucklee,abuckleecl@ucoz.ru,GMC,Suburban 2500,1998,85
455,Geralda,Westbrook,gwestbrookcm@istockphoto.com,Toyota,Prius c,2012,56
456,Turner,Hordell,thordellcn@eepurl.com,Peugeot,207,2007,25
457,Abey,Gracey,agraceyco@google.com,Toyota,4Runner,2000,62
458,Chrystal,Dumbell,cdumbellcp@jalbum.net,Ford,Windstar,2004,81
459,Alison,Channon,achannoncq@japanpost.jp,Honda,Civic,1980,77
460,Martica,Critten,mcrittencr@cmu.edu,Pontiac,Torrent,2007,77
461,Adler,Twist,atwistcs@wufoo.com,Mercedes-Benz,300SE,1993,54
462,Amabelle,Alf,aalfct@nydailynews.com,Hyundai,Accent,1997,39
463,Jed,McCoish,jmccoishcu@i2i.jp,Audi,Cabriolet,1995,10
464,Arnold,Cranmere,acranmerecv@pinterest.com,Chevrolet,Astro,1997,9
465,Juditha,Hickinbottom,jhickinbottomcw@soundcloud.com,Dodge,Durango,2007,86
466,Noreen,Fowlie,nfowliecx@parallels.com,Toyota,RAV4,2012,53
467,Sid,Abrehart,sabrehartcy@apache.org,Mercury,Marquis,1985,79
468,Cammy,Climer,cclimercz@huffingtonpost.com,Mercury,Mystique,1998,30
469,Preston,Stobo,pstobod0@ameblo.jp,Suzuki,Swift,1992,65
470,Vonnie,Gribbell,vgribbelld1@techcrunch.com,Mercury,Sable,2009,42
471,Kara,Prator,kpratord2@washingtonpost.com,Saab,900,1990,70
472,Domini,Eefting,deeftingd3@adobe.com,Land Rover,Defender 110,1993,67
473,Madelena,Paulack,mpaulackd4@i2i.jp,Dodge,Challenger,2009,49
474,Addy,Trollope,atrolloped5@omniture.com,Maybach,62,2003,15
475,Lanni,Persich,lpersichd6@technorati.com,Dodge,Journey,2012,62
476,Grange,Meaddowcroft,gmeaddowcroftd7@comsenz.com,Volvo,S40,2006,16
477,Irvine,Stoner,istonerd8@last.fm,Mercedes-Benz,C-Class,1996,99
478,Guthrey,Botham,gbothamd9@ameblo.jp,Mitsubishi,Truck,1991,86
479,Selina,Yewdale,syewdaleda@uol.com.br,Jeep,Grand Cherokee,2009,61
480,Saunders,Crimes,scrimesdb@sun.com,Toyota,Land Cruiser,1997,50
481,Erie,Rainsdon,erainsdondc@nasa.gov,Mitsubishi,Montero,2003,9
482,Cornell,Argent,cargentdd@smh.com.au,Volkswagen,GTI,1993,51
483,Guglielmo,Stanistreet,gstanistreetde@senate.gov,Chevrolet,Express 3500,2002,72
484,Druci,Capstack,dcapstackdf@tuttocitta.it,Nissan,Maxima,2005,38
485,Gustavus,Ponten,gpontendg@ibm.com,Porsche,968,1992,47
486,Leticia,Spinks,lspinksdh@list-manage.com,Suzuki,Daewoo Magnus,2005,84
487,Brady,Merman,bmermandi@ameblo.jp,Saab,9000,1996,52
488,Costa,Villalta,cvillaltadj@disqus.com,Saturn,S-Series,2001,31
489,Fayette,Garroway,fgarrowaydk@over-blog.com,Dodge,Ram 3500,2004,32
490,Maryann,Tredgold,mtredgolddl@wsj.com,Ford,Econoline E150,1997,96
491,Emlen,Corfield,ecorfielddm@loc.gov,Chevrolet,SSR,2005,87
492,Marna,Nairy,mnairydn@msu.edu,Volkswagen,Scirocco,1987,25
493,Cassaundra,Orehead,coreheaddo@oracle.com,Chevrolet,Colorado,2005,48
494,Weider,Zanneli,wzannelidp@npr.org,Kia,Optima,2006,76
495,Shoshanna,Hacket,shacketdq@microsoft.com,Suzuki,Swift,1995,91
496,Val,Bilbery,vbilberydr@toplist.cz,Nissan,350Z,2007,79
497,Osmund,Venturoli,oventurolids@google.pl,Honda,Odyssey,2012,22
498,Andrei,Ellerbeck,aellerbeckdt@oracle.com,Buick,Rendezvous,2003,65
499,Jennee,Cestard,jcestarddu@foxnews.com,Pontiac,Bonneville,2000,67
500,Rowen,Speed,rspeeddv@unblog.fr,Chevrolet,Silverado 2500,2002,31
501,Michel,Carneck,mcarneckdw@google.ru,Saab,9-7X,2005,16
502,Torrance,Solly,tsollydx@washington.edu,Mercedes-Benz,SL-Class,2009,76
503,Mozes,MacChaell,mmacchaelldy@ucoz.com,Dodge,Ram,2010,54
504,Raleigh,Drescher,rdrescherdz@is.gd,Cadillac,Catera,1999,11
505,Reinaldos,Kulicke,rkulickee0@japanpost.jp,Buick,Century,1993,23
506,Adelaida,Batch,abatche1@house.gov,Buick,Century,2002,23
507,Jewell,Swinley,jswinleye2@google.de,Dodge,Ram 3500,1998,17
508,Marcelle,Dallin,mdalline3@google.es,Nissan,Murano,2005,41
509,Antonio,Winterbotham,awinterbothame4@paginegialle.it,Acura,TL,2001,76
510,Christoper,Gumbley,cgumbleye5@youku.com,Suzuki,Vitara,1999,99
511,Jaynell,Chadbourn,jchadbourne6@wikia.com,Bentley,Continental GTC,2009,15
512,Nady,Mattea,nmatteae7@bbc.co.uk,Volkswagen,Corrado,1991,96
513,Ede,Downey,edowneye8@vistaprint.com,Volkswagen,Cabriolet,2000,99
514,Seward,Stairmond,sstairmonde9@mozilla.com,Geo,Metro,1993,90
515,Clem,Lindegard,clindegardea@newyorker.com,Mazda,MX-6,1997,49
516,Francklin,De Gregario,fdegregarioeb@hibu.com,Mazda,Protege,1994,68
517,Amber,Twatt,atwattec@discuz.net,Mitsubishi,Lancer,2001,54
518,Whit,Melloi,wmelloied@bing.com,Volvo,C70,2008,91
519,Hyatt,Munt,hmuntee@netvibes.com,Honda,Accord,1991,75
520,Beverley,Brightling,bbrightlingef@rakuten.co.jp,Ford,F350,1996,78
521,Margery,Digwood,mdigwoodeg@amazonaws.com,Maserati,GranSport,2006,72
522,Rooney,Hearley,rhearleyeh@com.com,GMC,Sierra 2500,1999,6
523,Petronille,Lambrecht,plambrechtei@ed.gov,Kia,Rio,2008,68
524,Fabiano,Rosenbloom,frosenbloomej@macromedia.com,BMW,8 Series,1996,16
525,Ivar,Blooman,ibloomanek@photobucket.com,Volkswagen,GTI,1991,5
526,Ring,Cocke,rcockeel@shutterfly.com,Nissan,Leaf,2011,62
527,Fidelity,Barnish,fbarnishem@nytimes.com,Ford,Mustang,2006,39
528,Zebedee,Floyde,zfloydeen@wordpress.org,Acura,Integra,1994,56
529,Patrice,Godsmark,pgodsmarkeo@china.com.cn,Nissan,Altima,2008,11
530,Cull,Scollan,cscollanep@nba.com,Subaru,Legacy,2006,56
531,Vivia,Burrill,vburrilleq@artisteer.com,Nissan,Pathfinder,2011,73
532,Josi,Quarlis,jquarliser@accuweather.com,Saturn,L-Series,2002,56
533,Eric,Stonelake,estonelakees@blog.com,Nissan,Sentra,2008,13
534,Leopold,Cockle,lcockleet@cyberchimps.com,Mazda,CX-9,2011,41
535,Umberto,Haylett,uhayletteu@mozilla.com,Mercedes-Benz,SL65 AMG,2006,86
536,Norean,Newbatt,nnewbattev@is.gd,Volvo,C70,2004,72
537,Biddie,Mille,bmilleew@vkontakte.ru,Pontiac,Grand Prix,1987,22
538,Aguie,Espinoy,aespinoyex@taobao.com,Dodge,Avenger,1999,61
539,Micheline,Vinecombe,mvinecombeey@dion.ne.jp,Mitsubishi,Excel,1987,43
540,Zulema,Casine,zcasineez@uol.com.br,Ferrari,599 GTB Fiorano,2008,56
541,Ricki,Arendsen,rarendsenf0@msn.com,Dodge,Ram Van 3500,1996,61
542,Ardelle,Van Niekerk,avanniekerkf1@creativecommons.org,Alfa Romeo,Spider,1992,66
543,Shawn,Cobson,scobsonf2@independent.co.uk,Audi,TT,2003,32
544,Legra,Verner,lvernerf3@cisco.com,GMC,Sierra 3500,2008,37
545,Zack,Hubball,zhubballf4@hibu.com,GMC,Yukon XL 2500,2009,93
546,Cordi,Kilgrove,ckilgrovef5@storify.com,Rolls-Royce,Phantom,2009,88
547,Joleen,Kerrich,jkerrichf6@columbia.edu,Chrysler,Pacifica,2005,20
548,Cindi,Gaynor,cgaynorf7@slashdot.org,BMW,5 Series,2000,69
549,Wallache,Sparrowhawk,wsparrowhawkf8@mashable.com,Maserati,Biturbo,1985,44
550,Gardie,Starmont,gstarmontf9@auda.org.au,Mercedes-Benz,E-Class,1992,83
551,Adrienne,Feehan,afeehanfa@clickbank.net,Mercedes-Benz,W201,1993,2
552,Elwin,Dutchburn,edutchburnfb@arstechnica.com,MINI,Clubman,2010,11
553,Cristy,Severy,cseveryfc@ed.gov,Ford,F-Series,2004,88
554,Audrey,Empson,aempsonfd@clickbank.net,Ford,Flex,2010,25
555,Everett,McIlory,emciloryfe@wp.com,Chrysler,Concorde,1994,83
556,Abigael,Rosoman,arosomanff@behance.net,Mitsubishi,Lancer Evolution,2006,31
557,Maybelle,Brimilcombe,mbrimilcombefg@senate.gov,GMC,Sonoma,2003,45
558,Elsworth,Gorke,egorkefh@wikimedia.org,Toyota,Tacoma,1998,65
559,Lewes,Weekly,lweeklyfi@scientificamerican.com,Volkswagen,Passat,1990,56
560,Zonda,Ellaway,zellawayfj@springer.com,Lincoln,Navigator L,2010,72
561,Eliot,Cuthbertson,ecuthbertsonfk@go.com,Audi,A6,1997,91
562,Kahlil,Healings,khealingsfl@taobao.com,Ford,Thunderbird,1991,96
563,Dall,Itzkovici,ditzkovicifm@elegantthemes.com,Pontiac,1000,1985,26
564,Amalia,Karpov,akarpovfn@sina.com.cn,Ford,Fairlane,1966,44
565,Edi,Vannar,evannarfo@biglobe.ne.jp,Volvo,S90,1998,14
566,Borden,Basler,bbaslerfp@gizmodo.com,GMC,Savana 1500,2006,32
567,Broddy,Dundon,bdundonfq@mashable.com,Saab,9-5,2009,57
568,Delcina,Stammers,dstammersfr@fc2.com,Acura,TL,2000,68
569,Calli,Daldry,cdaldryfs@bandcamp.com,Dodge,Grand Caravan,2000,69
570,Gordy,James,gjamesft@goodreads.com,Ford,F-Series,1995,13
571,Nissie,Goneau,ngoneaufu@nydailynews.com,Volkswagen,New Beetle,1998,5
572,Axe,Kingsman,akingsmanfv@nydailynews.com,Mercedes-Benz,300TE,1993,15
573,Torey,Alldridge,talldridgefw@imgur.com,GMC,Sierra,2007,94
574,Osgood,Swalowe,oswalowefx@buzzfeed.com,Buick,Riviera,1995,35
575,Marna,Bowdler,mbowdlerfy@blogspot.com,Ford,Bronco,1995,58
576,Mamie,Shawyers,mshawyersfz@indiegogo.com,BMW,7 Series,1995,74
577,Rori,Jedrzaszkiewicz,rjedrzaszkiewiczg0@arizona.edu,Buick,Regal,1987,17
578,Geri,Garrod,ggarrodg1@sciencedirect.com,Acura,Integra,1993,83
579,Anstice,Scorton,ascortong2@joomla.org,BMW,X3,2009,66
580,Isadora,Lonergan,ilonergang3@shutterfly.com,GMC,Jimmy,1992,83
581,Yvonne,Kynaston,ykynastong4@nydailynews.com,Hyundai,Sonata,1998,30
582,Reilly,Matokhnin,rmatokhning5@irs.gov,Subaru,Forester,2000,20
583,Artie,Glen,agleng6@weebly.com,Subaru,Alcyone SVX,1993,51
584,Basia,Rickwood,brickwoodg7@ox.ac.uk,Hyundai,Sonata,2005,10
585,Inga,Jansen,ijanseng8@utexas.edu,Hyundai,Tiburon,1999,66
586,Theodor,Mongeot,tmongeotg9@addtoany.com,Acura,MDX,2011,95
587,Letta,Covert,lcovertga@java.com,Infiniti,EX,2010,55
588,Cal,O'Conor,coconorgb@telegraph.co.uk,Toyota,MR2,1994,3
589,Robinette,Willingham,rwillinghamgc@vk.com,Aston Martin,Vantage,2010,91
590,Nataniel,Terbeck,nterbeckgd@engadget.com,Chevrolet,3500,1995,33
591,Lars,Klee,lkleege@geocities.jp,Volkswagen,Passat,2005,15
592,Avril,Lunt,aluntgf@accuweather.com,Mercedes-Benz,SLR McLaren,2005,84
593,Dorette,MacDowal,dmacdowalgg@upenn.edu,Plymouth,Colt Vista,1994,78
594,Lilyan,Penrith,lpenrithgh@independent.co.uk,Maserati,Karif,1990,82
595,Haley,Rosenbarg,hrosenbarggi@plala.or.jp,Ford,Focus ST,2013,66
596,Donelle,Alabaster,dalabastergj@nsw.gov.au,Kia,Sedona,2012,67
597,Robinet,McTague,rmctaguegk@bigcartel.com,Nissan,Altima,2001,28
598,Abigail,Heales,ahealesgl@tripod.com,Lincoln,Town Car,2001,42
599,Scarlett,Pighills,spighillsgm@comsenz.com,Buick,Rainier,2006,3
600,Ernie,Arrigo,earrigogn@amazonaws.com,Chrysler,Aspen,2009,76
601,Glyn,Pogg,gpogggo@bbc.co.uk,GMC,Savana 1500,2009,56
602,Noach,Episcopio,nepiscopiogp@csmonitor.com,Mazda,MX-5,1992,92
603,Vicki,Standingford,vstandingfordgq@livejournal.com,Pontiac,GTO,1967,7
604,Bonita,Andryushchenko,bandryushchenkogr@zdnet.com,MINI,Cooper,2009,22
605,Sissie,McCuffie,smccuffiegs@si.edu,Toyota,Corolla,2001,17
606,Haley,Pink,hpinkgt@surveymonkey.com,Mazda,Millenia,2002,1
607,Roby,Downing,rdowninggu@loc.gov,Foose,Hemisfear,2007,82
608,Adeline,Matthessen,amatthessengv@biblegateway.com,Dodge,Ram 3500,2007,7
609,Sileas,Friday,sfridaygw@latimes.com,Toyota,Avalon,1996,92
610,Hussein,Pinnington,hpinningtongx@auda.org.au,Dodge,Dakota Club,2003,26
611,Suzanne,Sedman,ssedmangy@utexas.edu,BMW,X5 M,2010,67
612,Freeman,Buxy,fbuxygz@bigcartel.com,Buick,Riviera,1993,51
613,Marice,Stuttman,mstuttmanh0@mayoclinic.com,Audi,80,1992,10
614,Ailee,Green,agreenh1@ftc.gov,Lexus,CT,2012,38
615,Wilmar,Elsworth,welsworthh2@artisteer.com,Honda,S2000,2005,25
616,Tamiko,Dabbes,tdabbesh3@harvard.edu,Kia,Sephia,2001,53
617,Elle,O'Hoolahan,eohoolahanh4@1688.com,Ford,Explorer,1997,26
618,Logan,Curle,lcurleh5@webs.com,Honda,Insight,2011,7
619,Allegra,Lambourn,alambournh6@harvard.edu,Kia,Rondo,2008,31
620,Kimmie,Pridham,kpridhamh7@ustream.tv,Mazda,RX-7,1992,2
621,Elvyn,Spracklin,espracklinh8@ed.gov,Acura,TL,2008,29
622,Amelie,Hyne,ahyneh9@tuttocitta.it,Chrysler,Concorde,2002,32
623,Adolpho,Alloway,aallowayha@cbsnews.com,Kia,Sedona,2006,1
624,Harlan,Poynton,hpoyntonhb@surveymonkey.com,Ford,Thunderbird,1994,65
625,Skippie,St. Quintin,sstquintinhc@icq.com,Mercedes-Benz,S-Class,2006,5
626,Adeline,McGarvey,amcgarveyhd@deliciousdays.com,GMC,Envoy,2004,62
627,Betteanne,Howgill,bhowgillhe@apache.org,Aston Martin,DB9,2009,37
628,Thea,Brewett,tbrewetthf@gravatar.com,Mitsubishi,Lancer,2002,59
629,Daisey,Baudi,dbaudihg@ted.com,Pontiac,G6,2009,73
630,Eva,Vinson,evinsonhh@geocities.com,Aston Martin,Vantage,2006,63
631,D'arcy,Figurski,dfigurskihi@storify.com,Buick,Century,1994,94
632,Ricard,Santi,rsantihj@prlog.org,Dodge,Charger,2010,93
633,Kirk,Beszant,kbeszanthk@infoseek.co.jp,Chrysler,Crossfire,2004,58
634,Ebenezer,Fulmen,efulmenhl@msu.edu,Pontiac,Grand Prix,1975,21
635,Filmore,Rolles,frolleshm@washington.edu,Lincoln,Town Car,1989,95
636,Kalli,Stiant,kstianthn@ovh.net,Land Rover,Range Rover Sport,2009,7
637,Ellis,Karpol,ekarpolho@samsung.com,Ford,Focus,2011,33
638,Celinda,Yeell,cyeellhp@icio.us,Lincoln,MKX,2011,50
639,Halsey,Karby,hkarbyhq@fema.gov,Kia,Sportage,2000,28
640,Kristina,Marrett,kmarretthr@intel.com,BMW,Z4 M Roadster,2009,6
641,Toiboid,Howick,thowickhs@marriott.com,Dodge,Ram 3500,1996,15
642,Gennie,Purrington,gpurringtonht@newsvine.com,Chevrolet,Avalanche,2010,43
643,Jaynell,Benardeau,jbenardeauhu@vistaprint.com,Audi,riolet,1997,78
644,Hayward,Skittrall,hskittrallhv@nsw.gov.au,Nissan,Pathfinder,1996,12
645,Vergil,Damant,vdamanthw@uiuc.edu,Lincoln,Navigator,2008,1
646,Archaimbaud,Dishmon,adishmonhx@aol.com,Saab,9000,1987,27
647,Collen,Denk,cdenkhy@scientificamerican.com,Cadillac,CTS-V,2006,73
648,Nev,Molohan,nmolohanhz@mail.ru,Ferrari,California,2009,72
649,Cooper,Argont,cargonti0@guardian.co.uk,Volkswagen,Corrado,1991,37
650,Corrinne,Sacco,csaccoi1@washington.edu,Dodge,Colt,1989,97
651,Cecilio,Stilly,cstillyi2@wisc.edu,Land Rover,Range Rover,1997,52
652,Germaine,Matis,gmatisi3@mozilla.com,Mazda,CX-9,2009,61
653,Swen,Mardlin,smardlini4@pbs.org,Hummer,H1,2003,36
654,Dominga,D'Antoni,ddantonii5@weibo.com,Chevrolet,Camaro,1995,83
655,Conney,MacKean,cmackeani6@seesaa.net,Chevrolet,Express 3500,2012,20
656,Rivalee,Steels,rsteelsi7@livejournal.com,Audi,Allroad,2004,42
657,Cindi,Yackiminie,cyackiminiei8@barnesandnoble.com,Volkswagen,Passat,2009,62
658,Letti,Geharke,lgeharkei9@squidoo.com,Suzuki,XL-7,2007,74
659,Demetris,O'Gorman,dogormania@yandex.ru,Chevrolet,Corvette,1953,27
660,Patsy,Stilgo,pstilgoib@mediafire.com,Audi,200,1990,6
661,Josi,Gwyther,jgwytheric@ycombinator.com,Nissan,Versa,2009,88
662,Fred,Peatheyjohns,fpeatheyjohnsid@vimeo.com,Lexus,ES,2012,60
663,Luke,Fetherstonhaugh,lfetherstonhaughie@washingtonpost.com,Mercedes-Benz,E-Class,2007,69
664,Maxy,Ormiston,mormistonif@nba.com,GMC,Yukon XL 2500,2007,99
665,Garik,MacAdie,gmacadieig@example.com,BMW,5 Series,2006,25
666,Abbot,Siseland,asiselandih@microsoft.com,Mitsubishi,Eclipse,2012,76
667,Mylo,Monnoyer,mmonnoyerii@java.com,Toyota,TundraMax,2011,44
668,Ky,Bachura,kbachuraij@nytimes.com,Mercedes-Benz,G-Class,2009,90
669,Prent,Francillo,pfrancilloik@noaa.gov,Subaru,Justy,1988,74
670,Celestia,Colleton,ccolletonil@fastcompany.com,GMC,Suburban 1500,1999,49
671,Zolly,Newport,znewportim@gmpg.org,Honda,del Sol,1993,78
672,Carey,Craighall,ccraighallin@mysql.com,Toyota,Land Cruiser,2003,38
673,Becki,Simner,bsimnerio@pcworld.com,Pontiac,Grand Prix,1964,18
674,Wendeline,Leydon,wleydonip@about.com,Infiniti,Q,1999,26
675,Dorothy,Downham,ddownhamiq@reverbnation.com,Mazda,Mazda6,2006,3
676,Rouvin,Mabee,rmabeeir@bandcamp.com,Chevrolet,Malibu,2011,59
677,Bernadine,MacCome,bmaccomeis@shinystat.com,Ford,Bronco II,1984,14
678,Audi,Herculson,aherculsonit@storify.com,GMC,Safari,2001,36
679,Burg,Fluit,bfluitiu@barnesandnoble.com,Chevrolet,1500,1996,47
680,Jeffy,Morrell,jmorrelliv@cnn.com,Toyota,Solara,2005,69
681,Rick,Klaussen,rklausseniw@arizona.edu,Audi,90,1989,81
682,Marcia,Issac,missacix@github.io,Toyota,Tundra,2009,27
683,Fanya,Duckerin,fduckeriniy@pinterest.com,Isuzu,Hombre,1996,69
684,Fanchon,Hriinchenko,fhriinchenkoiz@ehow.com,Lincoln,LS,2002,14
685,Engelbert,Kmicicki,ekmicickij0@creativecommons.org,Volkswagen,GTI,2001,51
686,Jenn,Cessford,jcessfordj1@usda.gov,Buick,Roadmaster,1994,80
687,Donnamarie,Pattington,dpattingtonj2@uol.com.br,Alfa Romeo,164,1994,54
688,Mallory,Aurelius,maureliusj3@google.de,BMW,325,2006,1
689,Lorant,McLane,lmclanej4@mashable.com,Saab,900,1986,37
690,Max,Lafuente,mlafuentej5@icq.com,GMC,Savana 3500,2002,93
691,Xylia,Galgey,xgalgeyj6@fema.gov,Toyota,Cressida,1992,30
692,Fayina,Treher,ftreherj7@dailymail.co.uk,Audi,A8,2001,78
693,Niles,Apted,naptedj8@cdc.gov,Mercedes-Benz,SL-Class,1985,38
694,Erick,Perell,eperellj9@cbslocal.com,Maserati,Quattroporte,2008,39
695,Valry,McCuffie,vmccuffieja@intel.com,Chevrolet,Monte Carlo,1996,76
696,Ettie,Arghent,earghentjb@uol.com.br,Dodge,Ram 3500,1994,88
697,Sloane,Tanswill,stanswilljc@netlog.com,BMW,M Roadster,2008,90
698,Sibeal,Tallant,stallantjd@bizjournals.com,Suzuki,Swift,1998,15
699,Kathe,Hubner,khubnerje@nasa.gov,Ford,F-Series,2003,99
700,Isabel,John,ijohnjf@reference.com,Buick,Regal,2003,33
701,Ced,Wigsell,cwigselljg@vinaora.com,Chevrolet,Corvette,1984,85
702,Beauregard,Betterton,bbettertonjh@com.com,Cadillac,CTS,2008,96
703,Clim,Egginton,ceggintonji@umn.edu,Volvo,S80,2005,80
704,Gabe,Franzettoini,gfranzettoinijj@ustream.tv,Scion,xB,2006,31
705,Alistair,Loughrey,aloughreyjk@dell.com,Jaguar,XF,2011,49
706,Cyndi,Gornal,cgornaljl@mediafire.com,Isuzu,Rodeo Sport,2001,24
707,Winfield,Danielsen,wdanielsenjm@odnoklassniki.ru,Toyota,Celica,2005,45
708,Dwayne,Robberecht,drobberechtjn@google.com.hk,Audi,R8,2011,28
709,Virginia,Pudden,vpuddenjo@posterous.com,Ford,Explorer,2009,91
710,Quinton,Newhouse,qnewhousejp@tinypic.com,Chevrolet,Caprice,1991,56
711,Cesaro,Dominik,cdominikjq@whitehouse.gov,Toyota,T100 Xtra,1998,98
712,Claudius,Lutwidge,clutwidgejr@earthlink.net,Kia,Rondo,2010,38
713,Buck,Wallen,bwallenjs@timesonline.co.uk,Pontiac,Bonneville,2005,24
714,Amata,Francesco,afrancescojt@ow.ly,Spyker,C8 Double 12 S,2006,2
715,Rudy,Wassung,rwassungju@globo.com,Mitsubishi,Chariot,1988,65
716,Almeta,Fakes,afakesjv@cornell.edu,Ford,F150,2000,89
717,Sidoney,Hubbucke,shubbuckejw@t.co,Lincoln,Mark VIII,1997,80
718,Annabel,Cockayme,acockaymejx@mediafire.com,Volvo,XC70,2005,16
719,Morgana,Pettecrew,mpettecrewjy@newsvine.com,Isuzu,i-350,2006,20
720,Amandy,Lethby,alethbyjz@reverbnation.com,Pontiac,Bonneville,1995,26
721,Goldi,Wedderburn,gwedderburnk0@cornell.edu,Toyota,Camry,1999,53
722,Hope,Treffry,htreffryk1@ucla.edu,Ford,Taurus,1994,49
723,Octavia,Leander,oleanderk2@java.com,Volvo,S70,1999,23
724,Jarrett,Latimer,jlatimerk3@narod.ru,Ford,Windstar,2000,9
725,Reeva,Feasey,rfeaseyk4@ucoz.ru,Mitsubishi,Endeavor,2010,88
726,Shem,Havelin,shavelink5@twitpic.com,Mercedes-Benz,E-Class,1996,84
727,Mabelle,Chatelet,mchateletk6@jalbum.net,Mazda,Mazda2,2012,12
728,Leisha,Beccero,lbeccerok7@ustream.tv,Chevrolet,Cobalt,2005,1
729,Vilhelmina,Bovey,vboveyk8@istockphoto.com,Nissan,Quest,1994,86
730,Clemente,Staniland,cstanilandk9@illinois.edu,Dodge,Dakota Club,1992,57
731,Ariel,Hollow,ahollowka@forbes.com,Lexus,SC,1998,97
732,Latisha,Frankes,lfrankeskb@wsj.com,Pontiac,LeMans,1966,45
733,Jarrett,Varns,jvarnskc@privacy.gov.au,Geo,Prizm,1995,64
734,Delphinia,Oke,dokekd@opera.com,Pontiac,Montana,2004,3
735,Glory,Sherred,gsherredke@elegantthemes.com,Porsche,911,1995,82
736,Solly,Serfati,sserfatikf@google.nl,Pontiac,GTO,1964,50
737,Roz,O'Hanley,rohanleykg@altervista.org,Buick,LeSabre,1993,32
738,Trstram,Mougenel,tmougenelkh@flickr.com,Chrysler,Sebring,2001,12
739,Lorena,Sebright,lsebrightki@dion.ne.jp,Subaru,Forester,2011,8
740,Tova,O'Dunniom,todunniomkj@nyu.edu,Lincoln,Town Car,1984,76
741,Marlena,Sayre,msayrekk@hhs.gov,Oldsmobile,Cutlass,1997,34
742,Marlin,Auckland,maucklandkl@free.fr,Volkswagen,Passat,2012,62
743,Vin,Dobing,vdobingkm@youtube.com,Ford,F250,1999,92
744,Melamie,Dainton,mdaintonkn@imdb.com,Chevrolet,3500,1993,75
745,Morgan,Leeuwerink,mleeuwerinkko@ustream.tv,GMC,Safari,1993,26
746,Monah,Garriock,mgarriockkp@cdbaby.com,Mercedes-Benz,CL-Class,1998,41
747,Gabriele,Hitter,ghitterkq@sitemeter.com,Dodge,Ram 2500,2008,41
748,Gigi,Bukowski,gbukowskikr@i2i.jp,Audi,Q7,2010,49
749,Erinn,Chavez,echavezks@ebay.co.uk,Nissan,Altima,2008,99
750,Janith,Found,jfoundkt@cnet.com,Volkswagen,Passat,1990,13
751,Ian,Chamberlen,ichamberlenku@npr.org,Honda,Civic,1990,99
752,Joelly,Garnett,jgarnettkv@home.pl,Lexus,ES,2007,64
753,Carlee,Penwarden,cpenwardenkw@discovery.com,GMC,Suburban 1500,1997,6
754,Homere,Choupin,hchoupinkx@odnoklassniki.ru,Ford,Escort,1989,60
755,Arlette,Rex,arexky@github.io,Ford,Taurus,1990,79
756,Gregorius,Plumb,gplumbkz@squarespace.com,Hyundai,Tucson,2010,11
757,Hermia,Cosser,hcosserl0@drupal.org,Suzuki,Grand Vitara,2010,87
758,Chrissy,Reignould,creignouldl1@google.fr,Volkswagen,Golf,2004,84
759,Yoko,Astill,yastilll2@instagram.com,Acura,RDX,2007,96
760,Janeva,Sturr,jsturrl3@salon.com,Pontiac,GTO,2004,95
761,Padget,Jerdein,pjerdeinl4@trellian.com,Hyundai,Elantra,2008,92
762,Laura,Borless,lborlessl5@usda.gov,Ford,LTD Crown Victoria,1991,76
763,Dasya,Wainer,dwainerl6@redcross.org,Bentley,Arnage,2008,90
764,Dal,Maldin,dmaldinl7@oracle.com,Ford,Econoline E250,1993,70
765,Fidelia,Gerrit,fgerritl8@instagram.com,Ford,Taurus,2013,20
766,Erna,Glas,eglasl9@fema.gov,Acura,Legend,1993,13
767,Pen,Jeandin,pjeandinla@angelfire.com,GMC,Yukon XL 2500,2001,32
768,Denise,Milch,dmilchlb@nps.gov,Nissan,Maxima,2007,87
769,Hillery,Arnall,harnalllc@statcounter.com,Chevrolet,Suburban 2500,2003,68
770,Barthel,McGavigan,bmcgaviganld@ustream.tv,Pontiac,Sunbird,1988,51
771,Eddie,Gosnoll,egosnollle@ustream.tv,Chevrolet,Suburban 1500,2005,28
772,Marcy,Ernke,mernkelf@amazon.com,Chrysler,Cirrus,2000,92
773,Lissa,Radloff,lradlofflg@mapy.cz,Mazda,CX-9,2011,54
774,Prisca,Danis,pdanislh@typepad.com,Mercedes-Benz,E-Class,1987,31
775,Byron,Grigs,bgrigsli@paginegialle.it,Land Rover,Discovery,1994,30
776,Audra,Secret,asecretlj@state.gov,Toyota,Sienna,2008,69
777,Melodie,Codeman,mcodemanlk@hexun.com,Chevrolet,Silverado 3500,2005,98
778,Scott,Owain,sowainll@gizmodo.com,Spyker,C8 Double 12 S,2006,59
779,Franzen,Pietz,fpietzlm@engadget.com,Suzuki,SJ,1987,15
780,Inessa,Yandle,iyandleln@pen.io,Toyota,Sienna,2006,92
781,Jenni,Stiggles,jstiggleslo@businesswire.com,Bentley,Continental Super,2010,92
782,Adrea,Reasce,areascelp@ifeng.com,Audi,A3,2007,48
783,Garrik,Nelsey,gnelseylq@123-reg.co.uk,BMW,325,2004,8
784,Aprilette,D'orsay,adorsaylr@privacy.gov.au,Infiniti,G37,2011,48
785,Goldy,Shyres,gshyresls@lycos.com,Volvo,V70,1998,51
786,Kirsten,Antos,kantoslt@samsung.com,Porsche,Boxster,2007,5
787,Ellie,Elsegood,eelsegoodlu@europa.eu,GMC,Savana 3500,1996,3
788,Lyn,Berney,lberneylv@etsy.com,Mitsubishi,Diamante,1992,72
789,Stephani,Shopcott,sshopcottlw@amazon.com,Audi,Cabriolet,1997,50
790,Arturo,Kerwood,akerwoodlx@biblegateway.com,Tesla,Roadster,2011,56
791,Marlene,Goodrick,mgoodrickly@nih.gov,Lincoln,Town Car,1999,30
792,Genovera,Bosman,gbosmanlz@over-blog.com,BMW,3 Series,2007,35
793,Brandise,Axford,baxfordm0@wordpress.org,Saab,9-5,2003,42
794,Maridel,Tyrwhitt,mtyrwhittm1@princeton.edu,Jeep,Grand Cherokee,2012,72
795,Mordecai,Rispine,mrispinem2@domainmarket.com,Cadillac,Escalade EXT,2009,79
796,Levi,Jewise,ljewisem3@feedburner.com,Lexus,CT,2012,47
797,Mellicent,Loffel,mloffelm4@time.com,Volkswagen,Eurovan,1992,92
798,Clio,Betteriss,cbetterissm5@guardian.co.uk,Isuzu,Amigo,2000,54
799,Fidel,Lehrian,flehrianm6@webeden.co.uk,Ford,Crown Victoria,2009,7
800,Brennen,Huffer,bhufferm7@gizmodo.com,Subaru,Outback,2012,3
801,Mireielle,Rivallant,mrivallantm8@github.io,Hyundai,Sonata,2009,20
802,Demetre,Walling,dwallingm9@jimdo.com,Chrysler,Concorde,2001,2
803,Roberto,Roff,rroffma@theglobeandmail.com,Mazda,626,1986,97
804,Shelton,Fenny,sfennymb@google.ca,Dodge,Charger,2009,39
805,Anastasie,Rugiero,arugieromc@technorati.com,Ford,Tempo,1990,33
806,Cordi,Mulvihill,cmulvihillmd@trellian.com,Porsche,Cayenne,2003,84
807,Maxie,Rosendahl,mrosendahlme@nih.gov,Ford,Ranger,1992,91
808,Reinhard,Kipling,rkiplingmf@constantcontact.com,Pontiac,Grand Am,2001,4
809,Jocelin,Court,jcourtmg@biglobe.ne.jp,Lincoln,Town Car,2009,19
810,Junette,Dymidowski,jdymidowskimh@elegantthemes.com,Mazda,MPV,1997,44
811,Shea,Shires,sshiresmi@nsw.gov.au,Ford,Mustang,1990,24
812,Rey,Holtham,rholthammj@bloomberg.com,Lincoln,MKS,2013,14
813,Jud,Buckeridge,jbuckeridgemk@naver.com,Dodge,Caravan,1994,34
814,Swen,Sigg,ssiggml@cornell.edu,Pontiac,GTO,2006,95
815,Maxie,Quinlan,mquinlanmm@sitemeter.com,Mitsubishi,Pajero,2002,33
816,Nicholle,Deville,ndevillemn@last.fm,Citroën,SM,1972,52
817,Shaylah,Metcalf,smetcalfmo@ucoz.ru,BMW,5 Series,2004,26
818,Katuscha,Arnaudet,karnaudetmp@nhs.uk,Toyota,Echo,2001,88
819,Clementius,Iorizzi,ciorizzimq@google.it,Chevrolet,Tracker,2003,12
820,Basia,Spirritt,bspirrittmr@wiley.com,Dodge,Viper RT/10,1994,61
821,Welbie,Tine,wtinems@mozilla.org,Oldsmobile,Alero,1999,43
822,Stephan,Bundy,sbundymt@miitbeian.gov.cn,Cadillac,SRX,2004,94
823,Ingemar,Nayer,inayermu@so-net.ne.jp,Honda,Ridgeline,2012,12
824,Pieter,Leadstone,pleadstonemv@cyberchimps.com,Mercedes-Benz,W201,1993,35
825,Kat,Wimlet,kwimletmw@squarespace.com,Chevrolet,Cavalier,1993,71
826,Vilma,Drover,vdrovermx@godaddy.com,Subaru,Legacy,2001,12
827,Ilyssa,Langstone,ilangstonemy@cbslocal.com,Volkswagen,Golf,1985,42
828,Britt,Dossantos,bdossantosmz@biblegateway.com,Hummer,H2,2009,23
829,Katha,Lovelady,kloveladyn0@dedecms.com,Plymouth,Voyager,1997,86
830,Polly,D'Alessio,pdalession1@1und1.de,Nissan,NV3500,2012,71
831,Werner,Astlett,wastlettn2@elegantthemes.com,Dodge,Dakota Club,1992,27
832,Basilius,Walpole,bwalpolen3@fastcompany.com,Volkswagen,Fox,1992,57
833,Allegra,Thurlby,athurlbyn4@hatena.ne.jp,Pontiac,Montana SV6,2006,23
834,Ingamar,Killigrew,ikilligrewn5@mail.ru,Lexus,SC,2006,93
835,Constantine,Bothbie,cbothbien6@wired.com,Jeep,Liberty,2011,44
836,Enrico,Speedy,espeedyn7@google.it,Oldsmobile,Silhouette,1992,65
837,Pamelina,Biernat,pbiernatn8@jiathis.com,Honda,Accord,1984,17
838,Kay,Crilly,kcrillyn9@google.de,Subaru,Tribeca,2008,61
839,Rutter,Toombs,rtoombsna@globo.com,GMC,Savana Cargo Van,2006,88
840,Cindra,Jerdan,cjerdannb@opensource.org,GMC,Savana 1500,2010,7
841,Malina,Eggerton,meggertonnc@cocolog-nifty.com,Pontiac,Aztek,2002,98
842,Andi,Lythgoe,alythgoend@shinystat.com,Ford,Focus ST,2013,35
843,Galina,Camies,gcamiesne@scribd.com,Pontiac,6000,1991,40
844,Keelia,Lowery,klowerynf@themeforest.net,GMC,Savana 2500,2007,29
845,Davina,Tranter,dtranterng@businessinsider.com,Mazda,B-Series,2000,15
846,Cornall,Yardy,cyardynh@dedecms.com,Ford,Escort,1988,26
847,Darice,Wardall,dwardallni@altervista.org,Chevrolet,Corvair 500,1963,20
848,Lorenzo,Thomen,lthomennj@addthis.com,BMW,7 Series,1994,85
849,Diane,Bierton,dbiertonnk@chron.com,Lexus,LS,1990,17
850,Jada,Weedon,jweedonnl@senate.gov,Kia,Carens,2009,72
851,Felice,Evins,fevinsnm@disqus.com,Volkswagen,GTI,1997,44
852,Homer,Brabender,hbrabendernn@columbia.edu,Oldsmobile,Achieva,1997,52
853,Irena,Pavluk,ipavlukno@scientificamerican.com,Nissan,Murano,2006,55
854,Luther,Hassekl,lhasseklnp@webs.com,Volkswagen,Rabbit,2008,1
855,Trude,Blakeden,tblakedennq@youku.com,Isuzu,Ascender,2003,32
856,Jaynell,Dumphries,jdumphriesnr@altervista.org,Mitsubishi,RVR,1994,6
857,Burton,Deek,bdeekns@google.fr,Ford,Escort,1989,27
858,Sidnee,MacKessock,smackessocknt@cam.ac.uk,Lincoln,Continental Mark VII,1991,84
859,Taryn,Kerwin,tkerwinnu@webs.com,Pontiac,Fiero,1987,73
860,Kesley,Fossick,kfossicknv@odnoklassniki.ru,Isuzu,Ascender,2003,30
861,Biddie,Kleis,bkleisnw@addtoany.com,Dodge,Grand Caravan,2005,1
862,Rees,MacAiline,rmacailinenx@mac.com,Suzuki,Equator,2009,25
863,Linell,Christofe,lchristofeny@irs.gov,Toyota,RAV4,2005,10
864,Daniele,Tern,dternnz@example.com,Toyota,Tacoma,2005,29
865,Leodora,Pummery,lpummeryo0@army.mil,Lexus,LS,1996,57
866,Merralee,Couronne,mcouronneo1@bbc.co.uk,Dodge,Magnum,2006,21
867,Palmer,Keating,pkeatingo2@smugmug.com,Volvo,C30,2013,17
868,Webb,Parfitt,wparfitto3@ycombinator.com,Chevrolet,Tracker,2003,16
869,Linnell,Lindenbaum,llindenbaumo4@tiny.cc,Mercedes-Benz,Sprinter 2500,2011,29
870,Sherwood,Brandsma,sbrandsmao5@chronoengine.com,Pontiac,Sunbird,1990,87
871,Lawry,Gyorffy,lgyorffyo6@tamu.edu,GMC,Jimmy,1993,19
872,Hortense,Petruk,hpetruko7@free.fr,Lincoln,Navigator,2010,31
873,Lauree,Filipychev,lfilipychevo8@cmu.edu,GMC,Suburban 2500,1996,65
874,Aguie,Riggulsford,ariggulsfordo9@adobe.com,Chevrolet,S10,2003,41
875,Aurelia,Merrywether,amerrywetheroa@facebook.com,GMC,3500 Club Coupe,1996,55
876,Aarika,Court,acourtob@odnoklassniki.ru,Lexus,RX,2007,60
877,Glen,Jasik,gjasikoc@msu.edu,GMC,Yukon,2007,68
878,Husain,Alen,halenod@cnn.com,Maybach,57,2005,1
879,Betsy,Ravilious,braviliousoe@goodreads.com,GMC,Savana 2500,1997,97
880,Jorry,Beine,jbeineof@gmpg.org,Chrysler,LHS,1999,48
881,Chuck,Verrall,cverrallog@intel.com,Chevrolet,Express 2500,2012,30
882,Edd,Figures,efiguresoh@tumblr.com,GMC,Sonoma,1999,80
883,Noemi,Kapiloff,nkapiloffoi@angelfire.com,Nissan,Quest,2011,9
884,Madelyn,Yoseloff,myoseloffoj@networksolutions.com,Mitsubishi,Lancer Evolution,2008,14
885,Ryley,Avrasin,ravrasinok@umn.edu,Volvo,S80,2001,84
886,Kyla,Tait,ktaitol@nature.com,Tesla,Roadster,2010,65
887,Antonin,Astupenas,aastupenasom@sina.com.cn,Mazda,Protege,1994,64
888,Dosi,Kramer,dkrameron@woothemes.com,Audi,RS6,2003,62
889,Floyd,Fehners,ffehnersoo@diigo.com,Porsche,928,1985,48
890,Mariann,Wile,mwileop@bbb.org,GMC,Safari,1994,86
891,Teddy,Molan,tmolanoq@gizmodo.com,Chevrolet,Suburban 1500,2011,15
892,Felipe,McKag,fmckagor@google.fr,Mitsubishi,GTO,1993,41
893,Sheridan,Rodwell,srodwellos@vimeo.com,Saab,9-3,2011,8
894,Timothea,Kike,tkikeot@kickstarter.com,Chevrolet,Suburban 2500,1999,8
895,Rosalinda,Birtwistle,rbirtwistleou@ebay.co.uk,GMC,Safari,2000,49
896,Land,Ticehurst,lticehurstov@hexun.com,Suzuki,XL-7,2008,24
897,Carrissa,Vaillant,cvaillantow@zimbio.com,GMC,Savana 3500,2007,44
898,Cthrine,Suter,csuterox@hc360.com,Ford,Ranger,2010,26
899,Gibb,Harome,gharomeoy@squarespace.com,Mercury,Grand Marquis,1996,69
900,Missie,Harniman,mharnimanoz@noaa.gov,Hyundai,Sonata,1999,50
901,Isiahi,Bartoszinski,ibartoszinskip0@edublogs.org,GMC,Envoy,2005,23
902,Nappie,Ventum,nventump1@newsvine.com,GMC,Yukon,2012,26
903,Whittaker,Jahncke,wjahnckep2@miitbeian.gov.cn,Dodge,Ram 2500,1995,44
904,Anna-diana,McElory,amceloryp3@hc360.com,Chevrolet,2500,1994,89
905,Ad,Giggs,agiggsp4@xrea.com,BMW,Z4 M,2009,44
906,Melany,Denness,mdennessp5@japanpost.jp,Pontiac,Firebird,1985,24
907,Woodrow,Dorber,wdorberp6@yahoo.co.jp,BMW,Z3,2002,71
908,Dene,Emmert,demmertp7@mac.com,GMC,Vandura 3500,1993,20
909,Terrill,Navan,tnavanp8@altervista.org,Ford,F150,2003,19
910,Betsey,Jeanon,bjeanonp9@canalblog.com,Saab,9-2X,2005,68
911,Kanya,Bumfrey,kbumfreypa@lulu.com,Chevrolet,Suburban 2500,2001,48
912,Archibald,Brasted,abrastedpb@pagesperso-orange.fr,Buick,Century,1999,36
913,Bette-ann,Shoorbrooke,bshoorbrookepc@bing.com,Saab,9-3,2004,50
914,Biron,Ogles,boglespd@blog.com,Ford,Festiva,1993,89
915,Alexio,Immings,aimmingspe@gov.uk,Ford,Mustang,1974,19
916,Jerrilyn,Longdon,jlongdonpf@sciencedaily.com,Hyundai,Accent,2006,48
917,Cornie,Beggio,cbeggiopg@eepurl.com,Plymouth,Voyager,1996,90
918,Berky,Rawlison,brawlisonph@jimdo.com,Mitsubishi,Truck,1991,60
919,Kariotta,Dimsdale,kdimsdalepi@oracle.com,Isuzu,Rodeo,1999,54
920,Kelly,Euplate,keuplatepj@cnn.com,Chevrolet,Beretta,1994,58
921,Dionysus,Grodden,dgroddenpk@ed.gov,Chevrolet,Lumina,1999,15
922,Maurene,Fludgate,mfludgatepl@people.com.cn,Subaru,Leone,1989,20
923,Shandy,Hamlyn,shamlynpm@senate.gov,Maybach,57S,2005,97
924,Arlene,Clamp,aclamppn@microsoft.com,Buick,Hearse,1996,73
925,Jeremias,Wilber,jwilberpo@nature.com,Mercury,Sable,2004,93
926,Tally,Donson,tdonsonpp@myspace.com,Ford,E150,2003,33
927,Hillier,Rosita,hrositapq@walmart.com,Chevrolet,Corsica,1996,26
928,Merry,Mustin,mmustinpr@oracle.com,Toyota,Yaris,2010,4
929,Britney,Spreull,bspreullps@gravatar.com,Lincoln,Blackwood,2003,41
930,Suki,Wetherell,swetherellpt@amazon.co.jp,Subaru,Impreza,2010,76
931,Katy,Genny,kgennypu@yelp.com,GMC,Sierra Hybrid,2006,24
932,Shaughn,Kemp,skemppv@issuu.com,Toyota,Camry,2011,25
933,Olivie,McSorley,omcsorleypw@gov.uk,Chevrolet,Express,2008,80
934,Vina,Leist,vleistpx@indiatimes.com,Jeep,Grand Cherokee,2008,63
935,Ede,Skeen,eskeenpy@eepurl.com,BMW,600,1958,62
936,Hervey,Martyn,hmartynpz@bbb.org,Pontiac,Sunbird,1993,62
937,Kellina,Skydall,kskydallq0@ehow.com,Toyota,Camry,2000,30
938,Axe,McCart,amccartq1@altervista.org,Acura,RL,2009,78
939,Penn,Cracie,pcracieq2@homestead.com,GMC,1500 Club Coupe,1994,81
940,Abrahan,Glyne,aglyneq3@google.com.au,Honda,Element,2011,33
941,Thatch,Rendbaek,trendbaekq4@utexas.edu,Volkswagen,R32,2008,67
942,Ennis,Dettmar,edettmarq5@dyndns.org,Toyota,Solara,2005,37
943,Dominique,Longden,dlongdenq6@t.co,Chevrolet,Corvette,2010,52
944,Octavius,Fairbrother,ofairbrotherq7@imgur.com,Ford,F250,1997,6
945,Wenonah,Pavia,wpaviaq8@google.de,Spyker,C8 Double 12 S,2006,16
946,Regan,Mattiazzi,rmattiazziq9@addtoany.com,Mazda,Protege,1999,76
947,Packston,Peschmann,ppeschmannqa@ft.com,Toyota,Paseo,1993,19
948,Dawn,Getsham,dgetshamqb@g.co,Mitsubishi,Diamante,1993,72
949,Borden,Boken,bbokenqc@mail.ru,Hyundai,Accent,2010,45
950,Grete,Waker,gwakerqd@elegantthemes.com,Mercedes-Benz,CLK-Class,2007,80
951,Moises,Cable,mcableqe@bigcartel.com,Subaru,Forester,1999,68
952,Lindsey,Selbie,lselbieqf@chicagotribune.com,Toyota,Tacoma,2006,41
953,Deeyn,Venditti,dvendittiqg@artisteer.com,Infiniti,QX56,2011,19
954,Lindon,Harms,lharmsqh@latimes.com,Lincoln,Navigator L,2012,11
955,Harvey,Grut,hgrutqi@sfgate.com,Dodge,Ram 2500,2003,93
956,Todd,Bartoszewski,tbartoszewskiqj@biblegateway.com,Buick,LeSabre,1988,87
957,Boot,Polkinghorne,bpolkinghorneqk@ovh.net,Kia,Sedona,2002,97
958,Maggee,Cakebread,mcakebreadql@blogtalkradio.com,Subaru,Impreza,2001,65
959,Chantal,Ginnaly,cginnalyqm@pinterest.com,Honda,Accord,1992,30
960,Pattin,Vaun,pvaunqn@nih.gov,Mazda,MPV,2005,28
961,Ichabod,Minchinton,iminchintonqo@salon.com,Subaru,Forester,2001,70
962,Sydney,De Avenell,sdeavenellqp@delicious.com,Volkswagen,R32,2009,37
963,Kris,Beau,kbeauqq@trellian.com,Chrysler,Crossfire,2007,39
964,Reagen,Deener,rdeenerqr@msn.com,Nissan,Xterra,2011,54
965,Ofilia,Hatje,ohatjeqs@go.com,Mercedes-Benz,M-Class,1998,14
966,Orelie,Seville,osevilleqt@exblog.jp,BMW,X5,2004,58
967,Alic,Barroux,abarrouxqu@mayoclinic.com,Ford,F150,2002,99
968,Sula,Kersley,skersleyqv@umich.edu,Chevrolet,2500,1998,79
969,Blakeley,Weatherhead,bweatherheadqw@wisc.edu,Nissan,Cube,2010,26
970,Hannie,O'Dowd,hodowdqx@flickr.com,Toyota,Solara,2004,99
971,Chloette,Methuen,cmethuenqy@clickbank.net,Mercury,Sable,2000,34
972,Bennie,Alenichev,balenichevqz@craigslist.org,Mitsubishi,Galant,1996,90
973,Dode,Minchell,dminchellr0@intel.com,Chevrolet,Cruze,2012,50
974,Daisey,Delleschi,ddelleschir1@un.org,Rolls-Royce,Phantom,2005,66
975,Dene,Scorah,dscorahr2@51.la,Pontiac,Grand Prix,1966,28
976,Wynny,Vakhonin,wvakhoninr3@cargocollective.com,Chevrolet,Corvette,2011,67
977,Roselin,Bault,rbaultr4@ning.com,Toyota,Echo,2002,32
978,Amitie,Loidl,aloidlr5@dyndns.org,Austin,Mini,1963,76
979,Gavrielle,Brilon,gbrilonr6@adobe.com,Chevrolet,Cavalier,2003,17
980,Lyda,Billinge,lbillinger7@ycombinator.com,Kia,Optima,2010,94
981,Shep,Jindrak,sjindrakr8@japanpost.jp,Saab,9-5,2001,74
982,Babara,Kivits,bkivitsr9@github.com,Nissan,Maxima,2011,71
983,Bastian,Nabarro,bnabarrora@51.la,Audi,S8,2006,21
984,Lanny,Barreau,lbarreaurb@wp.com,Dodge,Durango,2009,2
985,Judie,Ruit,jruitrc@gnu.org,Pontiac,Grand Am,2003,3
986,Ali,Thame,athamerd@mtv.com,Nissan,Quest,1996,37
987,Leroy,Dulwitch,ldulwitchre@marketwatch.com,Panoz,Esperante,2008,93
988,Worth,Byfield,wbyfieldrf@tuttocitta.it,Lexus,RX,2006,57
989,Rancell,Widdall,rwiddallrg@quantcast.com,Lexus,GS,2011,58
990,Terese,Haugg,thauggrh@java.com,Buick,Electra,1985,89
991,Sigrid,Pieterick,spieterickri@diigo.com,Dodge,Ram Van 3500,2003,35
992,Tabb,Leaning,tleaningrj@auda.org.au,Mitsubishi,Chariot,1988,43
993,Dunstan,Halbeard,dhalbeardrk@nasa.gov,Lamborghini,Gallardo,2007,15
994,Koral,Bonnet,kbonnetrl@squarespace.com,Infiniti,I,1999,37
995,Claudie,Matousek,cmatousekrm@fotki.com,Lincoln,Continental,1992,37
996,Davina,Rosenstock,drosenstockrn@com.com,Mercedes-Benz,CLS-Class,2010,41
997,Emiline,Andrassy,eandrassyro@photobucket.com,GMC,Savana 1500,1999,58
998,Jeanne,Trew,jtrewrp@mtv.com,Audi,Coupe GT,1986,20
999,Olga,Tertre,otertrerq@wikipedia.org,Volkswagen,Cabriolet,2001,12
1000,Gaven,Metzel,gmetzelrr@joomla.org,Buick,Lucerne,2007,70
